counts,director_twice,mean_year,median_lift,median_director_movie_counts,prop
4446,3013,2003.0971659919028,0.9387795740506328,4.076023391812866,0.6776878092667566
358,273,1994.2877094972066,8.7969375,4.899441340782123,0.7625698324022346
